"","ensembl.id","Symbol","moduleColor","GS.AUC.urea","GS.creat.D2","GS.mIGF1","GS.hIGF1","p.GS.AUC.urea","p.GS.creat.D2","p.GS.mIGF1","p.GS.hIGF1","MM.violet","p.MM.violet","MM.black","p.MM.black","MM.darkgrey","p.MM.darkgrey","MM.darkmagenta","p.MM.darkmagenta","MM.turquoise","p.MM.turquoise","MM.brown","p.MM.brown","MM.darkred","p.MM.darkred","MM.darkorange","p.MM.darkorange","MM.saddlebrown","p.MM.saddlebrown","MM.paleturquoise","p.MM.paleturquoise","MM.skyblue3","p.MM.skyblue3","MM.steelblue","p.MM.steelblue","MM.pink","p.MM.pink","MM.orangered4","p.MM.orangered4"
"ENSMUSG00000026683","ENSMUSG00000026683","Nuf2","darkmagenta",0.857764182439063,0.771411024903465,-0.167913997649472,0.770703394540113,5.33845097296887e-06,0.000177658783858125,0.505405520758189,0.000181665118138494,0.764753999395929,0.000218471559948931,-0.671072264811099,0.00229700450680254,-0.90474229549685,2.51915337900904e-07,0.922994223380426,4.87306166435183e-08,-0.598973629542536,0.00862229261311213,0.43107237859759,0.0740959723442869,-0.492058896810915,0.0380557133795943,0.451894317227287,0.0597437284112412,-0.20121628537474,0.423339673962623,0.2276535001499,0.363601630098637,-0.25705411346093,0.303137373893527,0.350600155857993,0.153743184185331,-0.0815214087129579,0.747777279819259,-0.43521052907445,0.0710594209630465
"ENSMUSG00000025784","ENSMUSG00000025784","Clec3b","darkmagenta",0.733367299224833,0.599325433181826,-0.0974950799329013,0.761654547820092,0.0005337317307719,0.00857313174966062,0.700341039041172,0.000240015772806394,0.62437038227948,0.0056097511869894,-0.551054342669588,0.0177760773336324,-0.848749073450545,8.47173294404255e-06,0.859756286852785,4.80028223795388e-06,-0.383653156694291,0.116021930916336,0.231934683360617,0.354400195872765,-0.248704025769149,0.319657244280243,0.526823845747245,0.0246825797307367,-0.382438274243407,0.117279060263773,0.488439239690188,0.0397161276679585,-0.320561974565623,0.194651589332073,0.262942736433446,0.29180163986876,0.105716000785011,0.676320864061898,-0.398725001557661,0.101212290256531
"ENSMUSG00000022040","ENSMUSG00000022040","Ephx2","darkmagenta",0.834678884613886,0.818412175546208,-0.0315714723838008,0.759955925574188,1.64700022971335e-05,3.30455727562453e-05,0.901029900974928,0.000252564024230321,0.698322329562302,0.00126728860141958,-0.593856630899765,0.00936335844873353,-0.876548432178733,1.82873536168906e-06,0.900257349017277,3.58748089447433e-07,-0.532519608713273,0.0228968825281626,0.347580537922631,0.157563546696298,-0.548129610562235,0.0185175276456747,0.487601544459445,0.0401081728383493,-0.220044802136768,0.380283374955628,0.0960742784917499,0.704520692033513,-0.356366543227828,0.146625188784642,0.426718889891308,0.0773926613424498,-0.0492033539149592,0.846268178838983,-0.495682127668457,0.0364474787798842
"ENSMUSG00000022033","ENSMUSG00000022033","Pbk","darkmagenta",0.832938761531836,0.712564410193928,-0.169567874320106,0.756576943854078,1.78053645635469e-05,0.000905089624624947,0.501160265533025,0.000279174926404814,0.737284045255383,0.000480654928720842,-0.657016661551328,0.0030520140156646,-0.891749797819642,6.71686995266021e-07,0.908792183717227,1.80301377152923e-07,-0.560807771605187,0.0154713821982585,0.389317968906318,0.110286108869893,-0.40601896605712,0.0945555337758175,0.459141836923481,0.0552722467982201,-0.25422868653821,0.308668800926544,0.230909868959925,0.35659061547698,-0.251577592049704,0.313913303776938,0.297936265663258,0.229829131953946,-0.0432442605314957,0.864713555976592,-0.418514087427349,0.0838967379278369
"ENSMUSG00000026043","ENSMUSG00000026043","Col3a1","darkmagenta",0.808952764780299,0.796118242599688,-0.0636429281953476,0.74680338616103,4.8052629269801e-05,7.74041973613105e-05,0.801904419437115,0.000369798414495348,0.535704943396378,0.021943304613609,-0.480836083567372,0.0433838456071504,-0.958074517543392,4.20748807096288e-10,0.958256079723892,4.06624740424372e-10,-0.219246272997414,0.382058333223701,0.0066478032255087,0.979114158751953,-0.266361011832229,0.285341034483472,0.78645942211842,0.000108473231519692,-0.583955542567294,0.0109423530142262,0.350889645396801,0.153380296331816,-0.59243560219416,0.00957798543447462,0.153567794604184,0.542932059952911,0.289583591775248,0.243782821647178,-0.530104750700291,0.0236411853891876
"ENSMUSG00000020914","ENSMUSG00000020914","Top2a","darkmagenta",0.792886637231233,0.743000657897741,-0.13075625955473,0.741083674289416,8.68237907696966e-05,0.000411176957939006,0.605047956991743,0.000433467317728952,0.579220021069856,0.0117693693642179,-0.529421226028041,0.0238552575073242,-0.91560358127539,9.90559922184291e-08,0.924805483715965,4.0516393436087e-08,-0.290977259546848,0.241418131958691,0.0795182856812849,0.753791108266849,-0.28315863911355,0.254873554641427,0.699254338661136,0.00124039056038969,-0.515205006197185,0.0286612195806351,0.347089979783938,0.158190261445088,-0.502318294351973,0.0336378121635144,0.14579002761263,0.563785550934847,0.240237071499563,0.336939219605958,-0.504844300186503,0.0326133758511178
"ENSMUSG00000078597","ENSMUSG00000078597","Cyp4a12b","darkmagenta",0.760217017282322,0.748144557989768,-0.0966700152992796,0.740930240932355,0.000250600060285673,0.000356066353553143,0.70276719041111,0.000435294402906739,0.611000917428342,0.00706522464343713,-0.557706176474275,0.0161769545190249,-0.920546620660803,6.21009159990617e-08,0.929363239942741,2.49307451128074e-08,-0.333119303945577,0.176758228258932,0.155928948317926,0.536670890447654,-0.220320683020366,0.379671215952326,0.659532040146412,0.00290369978938674,-0.485642011604619,0.0410367973534133,0.358553499442033,0.14398612335566,-0.405922876620482,0.0946411158000299,0.127160788721798,0.615093871292738,0.1841525688946,0.464476730692846,-0.403655804806173,0.096676560485826
"ENSMUSG00000027469","ENSMUSG00000027469","Tpx2","darkmagenta",0.820600035581609,0.767966460843677,-0.202662262966882,0.739470836919979,3.02126333956179e-05,0.000197887042103589,0.419944913409737,0.000452998472579026,0.654566639550743,0.00320239734597237,-0.63515222690893,0.00462236204686744,-0.934823926773417,1.33285786561071e-08,0.921031204793841,5.9227008095248e-08,-0.327119775695876,0.185163589277465,0.138449697314001,0.583779187628827,-0.179941725835156,0.474926974277625,0.687619504194146,0.00161249823661353,-0.560512942814378,0.0155373831464761,0.274077262102273,0.271080957559472,-0.431393152378388,0.073857228932648,0.103247336854146,0.68350393513905,0.297829769760555,0.23000374098036,-0.434643602839442,0.0714698949765141
"ENSMUSG00000041431","ENSMUSG00000041431","Ccnb1","darkmagenta",0.776127066664148,0.652324742466755,-0.195598476770859,0.733176825836109,0.000152817316989605,0.0033452803537669,0.436665330060986,0.000536433199040231,0.744527934902889,0.000394114298893554,-0.707963064452088,0.00101118255729658,-0.894216401809621,5.63078591160811e-07,0.876887238001718,1.79095475005473e-06,-0.512637960665943,0.0296038210742287,0.373052209449146,0.127318006520218,-0.224859753586458,0.369678123621483,0.467012207752276,0.0507064822744886,-0.350392747764347,0.154003541111279,0.179691263323424,0.475552204240931,-0.191891197497717,0.445577020295419,0.213664696266827,0.39459238179113,0.0659166088666471,0.794967564577278,-0.383708509729081,0.115964881496772
"ENSMUSG00000042116","ENSMUSG00000042116","Vwa1","darkmagenta",0.79231697791869,0.716728645667567,-0.00448799513541267,0.731470939958366,8.85811463386029e-05,0.000817235589435419,0.985898978796435,0.000561142477559803,0.780273324198094,0.000133468253437427,-0.68018054571654,0.00189561618606939,-0.83233639501194,1.82886781754967e-05,0.854063681220706,6.47647456716011e-06,-0.67033673168203,0.00233225953883021,0.546866329539962,0.0188452267829845,-0.427819157311545,0.0765494953653683,0.288779569963016,0.245153690158836,-0.10213154048673,0.686759116762699,0.0737014418319729,0.771330038130082,-0.0677494362236833,0.789386333124591,0.461763120066577,0.053718581803929,-0.201323533149342,0.423087388980705,-0.387378069354201,0.112227076230591
"ENSMUSG00000025656","ENSMUSG00000025656","Arhgef9","darkmagenta",0.558250284088734,0.771051600763179,-0.185503533650532,0.726589094623678,0.0160513691076937,0.000179684274364697,0.461148647127326,0.000637180557876333,0.55545302300212,0.0167053104338463,-0.448103646480901,0.0621875097344058,-0.73122926162145,0.000564718973855882,0.754530975918219,0.000296406888103347,-0.421534201495427,0.0814578836493576,0.225045666526075,0.369271997533536,-0.591305333984888,0.00975150284805004,0.497907141686771,0.0354860688610742,-0.183895789407054,0.465110664546183,0.165770793703356,0.510932105745279,-0.457569443433563,0.0562202837588402,0.0953027297174764,0.706793788920501,-0.0496931356609128,0.844755388681262,-0.17632893220082,0.483984886815704
"ENSMUSG00000006818","ENSMUSG00000006818","Sod2","darkmagenta",0.750302653932877,0.779225298781132,0.088363960942617,0.716715182605312,0.000334870454664723,0.000138151377628275,0.727340547025791,0.000817507704738035,0.460121475230158,0.0546877027411336,-0.346146588909789,0.159400276631543,-0.827805131285421,2.22975086054792e-05,0.858044626659665,5.25969284095703e-06,-0.262694283584235,0.292274649632228,0.071973880405796,0.776559776191303,-0.497319001197642,0.0357382808301059,0.637273495886948,0.00444590538744835,-0.340097296155346,0.167309446679751,0.318368542914831,0.197895590659613,-0.575785729902393,0.0123997974714811,0.345500035059831,0.160233200198255,0.0738032403660941,0.771022159993024,-0.496040735892943,0.0362911899321315
"ENSMUSG00000025574","ENSMUSG00000025574","Tk1","darkmagenta",0.828056118388396,0.674410810043203,-0.171192460492164,0.715125515000035,2.20573410623016e-05,0.0021424577242766,0.497006868331213,0.000850174079063703,0.789332388771952,9.82898749009042e-05,-0.738831891134707,0.000460937500655376,-0.881375221789048,1.35033639812485e-06,0.872559907171338,2.32780586091679e-06,-0.587239399059343,0.0103966805472169,0.449492786462318,0.0612834534520406,-0.312576003946188,0.206633345206346,0.40157529311582,0.0985721244029519,-0.267362840173199,0.283464237488602,0.244170478349015,0.328844470469804,-0.149385940028289,0.554101119296083,0.289530095011345,0.243873883166269,-0.00484290079034752,0.984784003322335,-0.403595315530657,0.0967312984967601
"ENSMUSG00000076441","ENSMUSG00000076441","Ass1","darkmagenta",0.817531256198246,0.726341873569303,-0.111657003020143,0.713217086406864,3.42485309902566e-05,0.000641249623654156,0.659143944985193,0.000890821830238253,0.778838428935129,0.000139914891271941,-0.728592173774034,0.000605000721081147,-0.918924696313795,7.26175869109438e-08,0.888245707691789,8.56827940376549e-07,-0.552620626429286,0.0173887615321037,0.41864766258038,0.0837877575815241,-0.260930142972444,0.295646612422013,0.454346564449876,0.0582015309022207,-0.323838637560731,0.189871435076668,0.101126524649646,0.689695608934479,-0.177797841475916,0.480291907477372,0.259368538029041,0.298650974426144,0.0279673491373818,0.912284230391656,-0.398128490973787,0.101771190853161
"ENSMUSG00000032850","ENSMUSG00000032850","Rnft2","darkmagenta",0.693392872517747,0.726851525631323,-0.0240622883233452,0.705234061161924,0.00141774291348967,0.000632884801129474,0.924496164288248,0.00107885615448656,0.529566540482573,0.0238096203515513,-0.493666125930899,0.0373357381579965,-0.858939320488,5.01506237264385e-06,0.830547429339343,1.9790739848586e-05,-0.22775100248984,0.363390583487001,0.0727430202174472,0.774230264214962,-0.190674511419954,0.448521968893346,0.658211617122368,0.00298079919305921,-0.510082564359798,0.0305658355543982,0.327422549830088,0.184733126796634,-0.447808628032668,0.0623807825499368,0.104083386553566,0.68106834793032,0.261469725708722,0.294612773950329,-0.411486983147607,0.089777073694846
"ENSMUSG00000078532","ENSMUSG00000078532","Nkain1","darkmagenta",0.667511035140747,0.793582506913823,-0.172404077934815,0.699571364320216,0.00247187281174692,8.4717307009633e-05,0.493920080537548,0.00123134993064537,0.625773774187057,0.00547230080845088,-0.548291024669117,0.0184759821459164,-0.881617876128469,1.32945063439856e-06,0.863899752832271,3.82827888650577e-06,-0.382280865212083,0.117442646000644,0.194800146695362,0.438576510607298,-0.430980120355335,0.0741647429098551,0.629765188432021,0.00509626874000706,-0.368696697301462,0.132175452156201,0.377003662766219,0.123020814328317,-0.490875286255751,0.0385926931355922,0.045537162811278,0.857607863894007,0.109145214821191,0.666386954805531,-0.262567652295932,0.292515911641902
"ENSMUSG00000027420","ENSMUSG00000027420","Bfsp1","darkmagenta",0.771037552344305,0.763728656160743,-0.00500264370749519,0.698948748155109,0.000179763836978763,0.000225410253335057,0.984282161870756,0.00124915721714071,0.51932344725559,0.0271978089098619,-0.424140722915072,0.0793950830140524,-0.827479363086051,2.26125615259152e-05,0.861503798516957,4.36722797285722e-06,-0.346132313909712,0.159418634448115,0.18572528828924,0.460603509510833,-0.4449563287857,0.064272558282976,0.576558841544112,0.0122555815499311,-0.289190508489643,0.244452425790622,0.307122425798198,0.21508729103225,-0.448351091985701,0.0620257477208699,0.337514679539129,0.170765699533275,0.0170026948668126,0.946612023399768,-0.425123218783007,0.0786275647678102
"ENSMUSG00000022090","ENSMUSG00000022090","Pdlim2","darkmagenta",0.830712131077736,0.849399163972104,-0.0586905231921316,0.697218758123919,1.964818553246e-05,8.20243674455101e-06,0.817062125366931,0.00129976260126041,0.789719653751007,9.69813447705029e-05,-0.700655548507157,0.00120084486201845,-0.900414273502796,3.54437889759427e-07,0.877368739797511,1.73841906352211e-06,-0.631708508511549,0.00492095621681211,0.513831810430509,0.0291625043120606,-0.45425252883085,0.0582601134527777,0.391704134865042,0.107931584566915,-0.154440339355266,0.540614476018548,-0.00406095043431464,0.987240619866354,-0.159505082874677,0.527250839525264,0.350590771681513,0.153754957506682,-0.128718505871263,0.610733398985899,-0.370215770822739,0.130466846832648
"ENSMUSG00000072082","ENSMUSG00000072082","Ccnf","darkmagenta",0.779930753981504,0.759332929340165,-0.0865238383135,0.68068952288196,0.000134984019717179,0.000257302747987508,0.732819904292454,0.00187502012087023,0.54232827819591,0.0200602769307916,-0.512029660579371,0.0298306659893351,-0.880117652124652,1.46316891592606e-06,0.883276599911025,1.19399032283033e-06,-0.242973911938099,0.331294801302934,0.0462107930106818,0.85552224130126,-0.166556362796498,0.508903090909492,0.694554412498706,0.00138102163232496,-0.559335513129707,0.0158031939401908,0.225926344287222,0.36735156553664,-0.459977222560609,0.0547734842541215,0.108785882512685,0.667425445698282,0.287203528618913,0.247854993751146,-0.471941956101077,0.0479954729409164
"ENSMUSG00000037010","ENSMUSG00000037010","Apln","darkmagenta",0.636876967764309,0.651639219353625,-0.000412626764711429,0.680264247593505,0.00447846579236826,0.00338999930271206,0.998703490148412,0.00189221635361645,0.455683942917081,0.0573731360402806,-0.363163353550601,0.138531298499327,-0.798699304513887,7.05179608644745e-05,0.823110305720622,2.7219910787711e-05,-0.261740513316837,0.294094771016019,0.118775878427177,0.638773874494943,-0.329432416929276,0.181892580809885,0.583771820284922,0.0109735458204081,-0.324106365304147,0.189484342116126,0.420755201663141,0.0820819265565436,-0.410903749709024,0.0902782259507592,0.237629711847769,0.342368139352852,0.0641445740821782,0.800372698635668,-0.416408409054878,0.0856284067145229
"ENSMUSG00000021186","ENSMUSG00000021186","Fbln5","darkmagenta",0.633098911548642,0.789223591062678,-0.198904335879213,0.677119735396532,0.00479856341778239,9.86601739019452e-05,0.428797484564152,0.00202345532331716,0.501847135039334,0.0338316077886963,-0.449087739352154,0.0615460392000692,-0.791193978660144,9.21340281340036e-05,0.782174243896471,0.000125316438512687,-0.304116152485123,0.21984225355136,0.0884308001515922,0.727141753944336,-0.419423636781782,0.0831567047818631,0.602574074735104,0.00812974614389717,-0.37291284675917,0.127471460338077,0.135448573983123,0.592038476267985,-0.518025716302655,0.0276525140917824,0.0255934122254486,0.919705962524571,0.11494078259541,0.649718248390397,-0.289745743292551,0.243506941054798
"ENSMUSG00000029838","ENSMUSG00000029838","Ptn","darkmagenta",0.84595498471681,0.791273354072532,-0.0589517937033136,0.671724632407653,9.71725355423987e-06,9.18789967504242e-05,0.816260867432349,0.00226610440239909,0.625681885933658,0.00548121590902543,-0.532664583223353,0.0228527896232265,-0.836692007381006,1.50328589172613e-05,0.864503033617438,3.7019601948019e-06,-0.534161731962968,0.0224013202919874,0.396207152132201,0.103586451340218,-0.472099467608182,0.0479107020878466,0.396100529585854,0.103687862264008,-0.116642799586508,0.644852543116531,0.00378058561402277,0.988121456490378,-0.185594048985517,0.460926094723042,0.395227955231568,0.10452046153728,-0.179129967691106,0.476954845792274,-0.496091831297514,0.0362689634768017
"ENSMUSG00000018566","ENSMUSG00000018566","Slc2a4","darkmagenta",0.529002406050187,0.671056852974488,-0.158394975499778,0.668772276363388,0.023987173852373,0.00229773868296331,0.530166849075424,0.0024087301684885,0.469300921428417,0.0494338371754353,-0.401345334768708,0.098783271000359,-0.714008049296867,0.000873782812142065,0.74351512849325,0.000405361386263383,-0.234022897628343,0.349960694976645,0.0186547526079437,0.941432656769409,-0.354269702877917,0.149186673985627,0.631902263894886,0.00490374969692912,-0.401545582966289,0.0985993858134548,0.541466565321824,0.0202978021735224,-0.551621686255793,0.0176350039100301,-0.0898388084278072,0.722957928466889,0.183881414559965,0.465146165809816,-0.154968045931744,0.539214994209661
"ENSMUSG00000042672","ENSMUSG00000042672","Dcst1","darkmagenta",0.845607656345983,0.695888221420772,0.0589821695012401,0.667599527241729,9.88251919623338e-06,0.00133983103516596,0.816167722922624,0.00246739855517851,0.611623960311823,0.00699122999324842,-0.516073761621069,0.0283475517839518,-0.851712436063004,7.30280862823512e-06,0.865630162579505,3.47553056240063e-06,-0.43721491371364,0.0696221447370759,0.311939649320242,0.207608405871975,-0.389961278063548,0.109647759958433,0.470721724905052,0.0486560422870993,-0.248939433755096,0.319184371810399,0.105038959962792,0.678288235777295,-0.289925034142244,0.243202130548945,0.52640079348966,0.0248194259621644,-0.0209869552158844,0.934124818431734,-0.5754498792684,0.0124628672385402
"ENSMUSG00000110540","ENSMUSG00000110540",NA,"darkmagenta",0.803537951152525,0.577753270828666,-0.0741079038940347,0.667309713347109,5.90036799734253e-05,0.0120354079581257,0.770100934360685,0.00248207675262707,0.655742840308946,0.00312946082862928,-0.613528762122581,0.00676888755584383,-0.820739594611088,3.00391855071618e-05,0.824651970357187,2.55104033970995e-05,-0.402930102962619,0.0973347388659765,0.287445163040655,0.247439622206404,-0.0960482952169655,0.70459720398168,0.454304228557331,0.0582278999609976,-0.393207289325005,0.106466919438135,0.244212018412692,0.328759595591082,-0.155804413203769,0.537000304357262,0.30080514102946,0.225157374977438,0.13542803849814,0.592095157630484,-0.468877308217709,0.0496675468159148
"ENSMUSG00000029310","ENSMUSG00000029310","Nudt9","darkmagenta",0.772723942498302,0.784550751129901,0.0261998665217405,0.665743792974508,0.00017042309432443,0.000115721603526948,0.917809356502535,0.00256263516405835,0.745063634772555,0.000388272191398242,-0.664012125600986,0.00265421343264339,-0.873712528253393,2.17281453991848e-06,0.846275077983996,9.56704920035109e-06,-0.549533645287786,0.0181586061909006,0.436494888537752,0.0701359506939997,-0.363803437247719,0.137785412251749,0.415845448090201,0.0860957558217804,-0.239509234562834,0.338449633418545,0.0585978651706421,0.817346328197041,-0.195358509152682,0.437239350310443,0.346375587443216,0.159105979036504,-0.0376419942832991,0.882115509295224,-0.36447887270386,0.137001364050714
"ENSMUSG00000037725","ENSMUSG00000037725","Ckap2","darkmagenta",0.812665103534688,0.688788283259518,-0.0827761698184356,0.664615127870084,4.15885986814808e-05,0.00157138075002632,0.744017225496672,0.00262202342271992,0.589825329333749,0.00998251731678115,-0.527976582234203,0.0243126877608325,-0.891452223839288,6.859365706158e-07,0.914160601388126,1.1291767382416e-07,-0.377979756093016,0.12197525385554,0.209749681212706,0.403516123939985,-0.307728311382132,0.214137137791862,0.584268805094942,0.0108893302677483,-0.376422984496871,0.12364580535557,0.333734753419355,0.175910747721475,-0.363747078249346,0.137850974735215,0.278210830688381,0.263626661299968,0.0821918859418553,0.745767428128603,-0.513502674560583,0.0292836593518873
"ENSMUSG00000027490","ENSMUSG00000027490","E2f1","darkmagenta",0.813903555377502,0.69599408396942,-0.0892759001045488,0.660036176729354,3.96041027249123e-05,0.00133660595908239,0.724629692649678,0.00287469891192842,0.611308470603375,0.00702861986686671,-0.545509867056262,0.0192021678876085,-0.915274268164833,1.02082275791453e-07,0.928162063013746,2.84215778773365e-08,-0.344785487215299,0.161157164269805,0.179887066651465,0.475063385329209,-0.264925070025266,0.288044274085487,0.645264715822939,0.00382977237396163,-0.432550359583335,0.073000662328564,0.423428804701008,0.0799546505487853,-0.407914163579355,0.0928789885178609,0.229748134569017,0.359082971119215,0.157918851106336,0.531419785013823,-0.479802927318592,0.0439014866059137
"ENSMUSG00000034673","ENSMUSG00000034673","Pbx2","darkmagenta",0.704425228006424,0.738883176284183,-0.0965260188127843,0.65971656504201,0.0010996223626986,0.000460295994595891,0.703190901626555,0.00289305708491516,0.596184648065872,0.00902010807868447,-0.589066114286193,0.0101027156924146,-0.858634616537767,5.09725453062446e-06,0.824571849594438,2.55969316682608e-05,-0.275574665128231,0.26836571071047,0.140276244714786,0.578776264968979,-0.0261120029701225,0.918084112280071,0.613198246920359,0.0068070517270705,-0.552094215444841,0.0175181828305452,0.125199359571728,0.620601934373177,-0.303905329491871,0.220178240585888,0.0219168257929077,0.931212481761676,0.286103298890084,0.249751861909923,-0.323228378658603,0.190755738639391
"ENSMUSG00000027715","ENSMUSG00000027715","Ccna2","darkmagenta",0.790079251204024,0.664017983160866,-0.114725231461192,0.652021763055436,9.57795575297724e-05,0.00265389918297871,0.650335431608287,0.00336498469738222,0.624149600116704,0.0056316279787965,-0.565181958073892,0.014518022141461,-0.842901544252898,1.12546734714125e-05,0.847873444467642,8.84641126394671e-06,-0.411917753216632,0.0894082269928528,0.260365079248717,0.296731618858523,-0.325313814429386,0.187745078764974,0.504312829601758,0.0328268895638339,-0.316284494007615,0.201010692133732,0.243237872411552,0.330753348958394,-0.289744817492365,0.243508515626319,0.293867784232709,0.236560269729683,0.0802631203155327,0.751553351497464,-0.524827175280004,0.0253336552973943
"ENSMUSG00000028776","ENSMUSG00000028776","Tinagl1","darkmagenta",0.658251731393954,0.723315756732127,-0.109420166612053,0.651888346612612,0.00297843241989339,0.000692844549902535,0.665592717954889,0.00337369158467686,0.574986642391885,0.0125502786553534,-0.563908063800431,0.0147907152089894,-0.799389109497422,6.87683228057502e-05,0.775262216137536,0.000157138705697168,-0.277762899903645,0.264428210029491,0.119563997848047,0.636533463748804,-0.108300600647848,0.668828850803094,0.591442449922698,0.00973031948266695,-0.51358088108074,0.0292548362114272,0.347861527358579,0.157205332928685,-0.370424423935414,0.130233373923645,-0.0433009549477528,0.864537738930829,0.258554517646881,0.300224328086889,-0.199096582691505,0.428342245987276
"ENSMUSG00000019864","ENSMUSG00000019864","Rtn4ip1","darkmagenta",0.827285611314791,0.824073580063815,0.17424658617418,0.649798877400385,2.28017371728471e-05,2.61406934324107e-05,0.489243816575246,0.00351247930995648,0.508635927122716,0.0311210671908801,-0.41070861505665,0.0904463507434573,-0.846818988380621,9.316378620572e-06,0.885748980693318,1.01420072960874e-06,-0.33726440001475,0.171103186804185,0.196044624633418,0.43559915373985,-0.344120700102365,0.162020038021714,0.551942163192886,0.0175557070618557,-0.290783882974739,0.24174536760035,0.170704158281887,0.49825351270508,-0.334755825385225,0.174510758841062,0.432046488895951,0.0733727224545639,-0.00614303687295636,0.980699725708543,-0.555528484487278,0.0166873968868351
"ENSMUSG00000028551","ENSMUSG00000028551","Cdkn2c","darkmagenta",0.869365655133567,0.766807265402217,-0.00540580629861211,0.648589335819382,2.80802739732348e-06,0.000205117231801956,0.983015629052967,0.00359493392066397,0.589813106986041,0.00998444322058759,-0.512372258314995,0.0297027407093517,-0.879113543896549,1.55900280946764e-06,0.883507170093016,1.17613734839214e-06,-0.363822896021844,0.137762780875503,0.205788229066098,0.41265559666904,-0.380871463854711,0.118914556026404,0.587646072330988,0.0103306506359351,-0.342542549353164,0.164081013857405,0.257419707132152,0.302426014091747,-0.412106373711605,0.0892470677358957,0.353590443713317,0.150023017179655,0.0951076449865954,0.707368912307584,-0.542052247721716,0.0201361236176038
"ENSMUSG00000022382","ENSMUSG00000022382","Wnt7b","darkmagenta",0.520726800658586,0.628289803253495,-0.139145330640429,0.648396086460119,0.0267126624027848,0.00523273372337193,0.581871701537123,0.00360825337247746,0.435082167260057,0.0711522063050997,-0.389217658917689,0.110385883530961,-0.713662462300907,0.000881193748724147,0.717095883938854,0.000809842066001896,-0.195505819115398,0.436886927556631,0.0192003363818155,0.939722678204737,-0.275071520040253,0.269276178018983,0.61496900217136,0.00660460078727888,-0.424094990973516,0.0794309417560315,0.490804630137645,0.0386249309612332,-0.514121895740795,0.0290560464473707,-0.0686546147793954,0.786633507050631,0.196265476533059,0.435071877633204,-0.166765136681125,0.508364499110982
"ENSMUSG00000032332","ENSMUSG00000032332","Col12a1","darkmagenta",0.742615734790536,0.808969318124211,0.133463084983325,0.645190979811987,0.000415573798930976,4.80220122841075e-05,0.597529117659563,0.00383511958441802,0.378721747321746,0.121184659597642,-0.278875465448264,0.262440122589359,-0.846017686793626,9.68767242314949e-06,0.888793146548369,8.25291358125663e-07,-0.201809631555906,0.421944909011253,0.0258808717224578,0.918806918758239,-0.380309352289474,0.119505220245349,0.672610721095138,0.00222468343991808,-0.366473599661871,0.134704013275729,0.185574912616049,0.460973141293752,-0.510113923028525,0.0305538853424109,0.339956127605258,0.167497134137992,0.0600880280640778,0.812778317917551,-0.585909605631221,0.0106149588136253
"ENSMUSG00000002781","ENSMUSG00000002781","Tmem143","darkmagenta",0.727863223822949,0.67629433004994,0.119474509581861,0.642861301845942,0.000616550215645663,0.00205912202003488,0.636787704232124,0.00400723505243112,0.551994086913682,0.0175428859296305,-0.47506445979684,0.0463360498722709,-0.870648104671108,2.60588090196027e-06,0.859051799564978,4.98501069461094e-06,-0.305229044373434,0.218074149358643,0.161657184354925,0.521618871895372,-0.251903698251828,0.313265351203564,0.593094233891579,0.00947802221920738,-0.42377692660749,0.0796806668788218,0.421133821724505,0.0817781855704921,-0.407855232380763,0.0929307942109485,0.250269740005013,0.316519909366291,0.119431504911426,0.636909896313157,-0.423804749023685,0.0796587994401637
"ENSMUSG00000027204","ENSMUSG00000027204","Fbn1","darkmagenta",0.745866372233642,0.727503398535037,-0.0222954828108696,0.638235208463585,0.000379654165079577,0.000622318941803063,0.930026771477749,0.00436773715014729,0.326736911733329,0.185708875493766,-0.28578243013925,0.250306779483594,-0.871327042710518,2.50402560360385e-06,0.88166379947219,1.3255294028664e-06,-0.00984699943299839,0.969066842014942,-0.193441390815545,0.441839286803417,-0.161497366643494,0.52203614609968,0.849205912700132,8.28171230135374e-06,-0.647316524602843,0.00368340611247728,0.374321353536083,0.125926500603135,-0.669402758707378,0.0023776674878793,0.119134310743107,0.63775457773087,0.377042168302798,0.122979449192428,-0.57899709131996,0.0118094986389529
"ENSMUSG00000058624","ENSMUSG00000058624","Gda","darkmagenta",0.639236080373056,0.788842624403767,0.170932522725381,0.637687637303262,0.00428758072997308,9.99661528619547e-05,0.497670307346601,0.00441210513678039,0.456899850291393,0.0566276838730977,-0.330089822245599,0.180969850885725,-0.863045758423586,4.01341666342599e-06,0.875058323191362,2.00316058871017e-06,-0.320518929230678,0.194714910934719,0.13939234913586,0.581194988922922,-0.602476949695386,0.0081427283740518,0.603485174142004,0.00800877443270633,-0.251530655160077,0.31400662988469,0.297122903774224,0.231164864784909,-0.546557471633699,0.0189260365164243,0.330481779793506,0.180421196458473,-0.0556991494958935,0.826248115708376,-0.51181950327357,0.0299093492922929
"ENSMUSG00000059406","ENSMUSG00000059406","Tmprss9","darkmagenta",0.865241338551087,0.715613478247339,0.117158027485556,0.621458365642506,3.55225733451193e-06,0.000840033073774167,0.643382307817385,0.00590391194928913,0.580349027738371,0.0115678081997801,-0.485367996294548,0.0411679510134953,-0.917825886245691,8.05893069080877e-08,0.936009898871218,1.15511876611926e-08,-0.383596406839939,0.116080440614813,0.24496394223844,0.327225477251202,-0.345893518613863,0.159725941952413,0.565513434677299,0.0144477244120364,-0.328145737470993,0.18370765605473,0.223102341637439,0.373529544852651,-0.344954962583681,0.16093769222615,0.494327988798689,0.0370423067960857,0.0208279010660452,0.934623053662101,-0.650519401823299,0.00346410178895397
"ENSMUSG00000021999","ENSMUSG00000021999","Cpb2","darkmagenta",0.773382538711893,0.728567722796478,0.00488854718493452,0.617814362918275,0.000166888311313006,0.000605385166445164,0.984640602017377,0.00628952189995448,0.596649597550438,0.00895278272963615,-0.473421657412631,0.0472035805887161,-0.819824732871532,3.11918387525566e-05,0.841955029156665,1.17716255003276e-05,-0.472968815429922,0.0474448684321526,0.299541370383104,0.227207731067753,-0.576750643673848,0.0122200109494882,0.472344008409822,0.0477793179152128,-0.175594684937917,0.485836050205058,0.152934352634983,0.544617351393821,-0.39669586637589,0.103122534774694,0.416791864389272,0.0853111369633931,-0.10174422727379,0.687890280078211,-0.47287533598427,0.0474947932997719
"ENSMUSG00000036777","ENSMUSG00000036777","Anln","darkmagenta",0.706421364318852,0.572583761625519,-0.103786139461276,0.616767991369074,0.00104896474123755,0.0130115742999087,0.681933948362949,0.00640394250148125,0.445991768788996,0.0635809352824737,-0.381856422843826,0.11788454835501,-0.771924955516717,0.000174796123598837,0.790055017305434,9.58601492016355e-05,-0.229750194242127,0.359078543626065,0.0296387432751635,0.907062990546833,-0.365789473063539,0.135488881644448,0.616930937382034,0.00638601434742708,-0.398662154196988,0.101271070936523,0.414016137785681,0.0876272120462229,-0.540398271735054,0.0205953332666562,0.222002750867878,0.375950683297905,0.173924210683404,0.490060444856735,-0.500228194489372,0.0345040696433549
"ENSMUSG00000045064","ENSMUSG00000045064","Zc2hc1c","darkmagenta",0.691226453556616,0.748353739246157,0.0653646522502029,0.61532836885615,0.00148839741339534,0.00035396372944856,0.796650224998027,0.00656411569608157,0.581055866132233,0.0114430276542282,-0.425422779720235,0.0783946369081945,-0.821271953987253,2.93853309428853e-05,0.863392529583928,3.93733317257012e-06,-0.493987604290058,0.0371929915033094,0.339637779842718,0.16792090977616,-0.660105034295101,0.00287075636161421,0.462628685737206,0.053212842330972,-0.0693882179785364,0.7844042386475,0.331432695393707,0.179094759702552,-0.36622054305919,0.134993963617701,0.3974059801721,0.10245111081302,-0.205219188561828,0.413977454397491,-0.435332880050299,0.0709710638036065
"ENSMUSG00000027955","ENSMUSG00000027955","Gask1b","darkmagenta",0.801809394335362,0.802733054858256,-0.0164077622667811,0.614060114500014,6.29180458858864e-05,6.07998130425146e-05,0.948477706100854,0.00670789608434001,0.371695748827942,0.128817139658723,-0.279583139861893,0.261180412106021,-0.868866650491898,2.89024955705723e-06,0.901482297774461,3.26273284682474e-07,-0.147752083070424,0.558492266119062,-0.0432187803036372,0.864792575575999,-0.390999850561907,0.108622761623623,0.765393111022426,0.000214238423205679,-0.437046833973351,0.0697418353841125,0.376143936213699,0.123946942298218,-0.630390965084854,0.00503926958357622,0.238588558574352,0.340365837356758,0.158095636551205,0.530954410582967,-0.553751058287873,0.0171133910207379
"ENSMUSG00000031673","ENSMUSG00000031673","Cdh11","darkmagenta",0.736145648754393,0.800025704822602,0.073897360300328,0.612921420034494,0.000495603712663678,6.7186508961783e-05,0.770737533878622,0.0068391504015592,0.381322500168466,0.1184421041179,-0.270263609785356,0.278072684760603,-0.856254190553466,5.78014198313277e-06,0.885922735149636,1.00249519331774e-06,-0.224643137288985,0.370151636945257,0.0548754426102195,0.828781402669636,-0.457996042881274,0.0559618781133457,0.663252884252783,0.00269520557179381,-0.315134181062013,0.202743852398312,0.249396895810832,0.318266633699811,-0.52970105964575,0.0237674344025041,0.281496428382296,0.257793545389421,0.00661462231784552,0.979218384057535,-0.537778525210971,0.0213394754088037
"ENSMUSG00000074435","ENSMUSG00000074435","Smcp","darkmagenta",0.898702998474684,0.731237949627157,0.097839171936259,0.611673539424233,4.03947503017966e-07,0.000564590073781212,0.699330029589064,0.00698536884002695,0.573490522517247,0.0128359371394727,-0.478383043473812,0.0446205429228179,-0.875165951121222,1.99009958911671e-06,0.899791040673817,3.71824381945603e-07,-0.414859732182533,0.0869185316588227,0.28759678805765,0.247179202265933,-0.36149350478346,0.140490362054624,0.496457511322359,0.0361101981137537,-0.239691690367178,0.338070631598156,0.12566808957764,0.619283890495082,-0.259706386107477,0.297999437086026,0.517074315950959,0.0279896074049499,-0.048092210445163,0.849702060118127,-0.670056377524021,0.00234581409559315
"ENSMUSG00000048327","ENSMUSG00000048327","Ckap2l","darkmagenta",0.733484732757173,0.624463224662834,-0.199898807764143,0.611307258551928,0.000532071867434335,0.00560057229427858,0.426445327032219,0.00702876382281523,0.532248499825629,0.0229795169524714,-0.517229028467656,0.0279345745301129,-0.809053727075027,4.78661479632066e-05,0.796899563144458,7.52619000665362e-05,-0.270406848293707,0.277808096584175,0.0973590016983099,0.700740995843065,-0.154870898013456,0.539472508115718,0.581256781447382,0.0114077565443697,-0.482146906413995,0.0427337916354439,0.185620162360125,0.460861899164423,-0.36164411247423,0.140312885254839,0.10499255749714,0.678423146564452,0.241894687805867,0.333513949558851,-0.463619958037185,0.052638068472978
"ENSMUSG00000061718","ENSMUSG00000061718","Ppp1r1b","darkmagenta",0.72427818263598,0.808004842457223,0.00608407630376002,0.610247006584775,0.00067607220513425,4.98338488414358e-05,0.980884936650019,0.00715560699602805,0.512101277118604,0.0298038892936219,-0.470319247121437,0.0488754249598966,-0.86637638270703,3.33226181994479e-06,0.84170749043628,1.19101277120552e-05,-0.220149278160741,0.380051486125789,0.0499063254678783,0.844097069866388,-0.246137484902164,0.32483954743056,0.703003438250152,0.00113693164080584,-0.517362227233439,0.0278872617037444,0.194603127902392,0.43904883477992,-0.531012939326832,0.0233590782484805,0.0871383973243276,0.730988541949657,0.250200901069896,0.31665746232386,-0.370853574476979,0.129754094592094
"ENSMUSG00000029608","ENSMUSG00000029608","Rph3a","darkmagenta",0.625177837545452,0.805502585521521,0.104933980141284,0.605506035506224,0.00553032944886525,5.48079929156296e-05,0.678593467981764,0.00774563030890987,0.48216971264558,0.0427225478289223,-0.372501889295179,0.127924725746646,-0.854643717164702,6.28543309290501e-06,0.852569172258481,6.9918210681643e-06,-0.277760600023877,0.264432329451745,0.0799762460730734,0.752415004847816,-0.565906768993286,0.0143646593731927,0.664111341583607,0.0026488947675049,-0.341334276609996,0.165670942747507,0.213723918201357,0.394458226955276,-0.621912781707289,0.00585720196446961,0.252157434068608,0.312761744101526,0.0842114557292515,0.739722955000497,-0.477180618725768,0.0452364480476392
"ENSMUSG00000030268","ENSMUSG00000030268","Bcat1","darkmagenta",0.841101612227256,0.755180679813877,0.149265595109352,0.605387132530275,1.22550270827868e-05,0.000290840430823722,0.554424036590617,0.00776091733597267,0.600692767319076,0.00838419977842697,-0.509329189391361,0.0308540220607174,-0.910039402981577,1.62147858386309e-07,0.917283786668033,8.47938433733703e-08,-0.440749409128579,0.0671402812116193,0.325653892755349,0.187257140238595,-0.375278403637902,0.124884271241771,0.50212695623113,0.0337164092237146,-0.243501138576742,0.330213835839936,0.127955283264604,0.612868320318907,-0.254882596919484,0.307383298408305,0.474740339423351,0.0465062454322876,-0.0642807820860385,0.799956921769865,-0.624644857618752,0.00558265037488053
"ENSMUSG00000027223","ENSMUSG00000027223","Mapk8ip1","darkmagenta",0.637653142680781,0.833675610170986,-0.155680674291458,0.603378541664638,0.00441491239435509,1.72290314911958e-05,0.537327703039083,0.00802285714933218,0.510991443348575,0.0302209426908103,-0.440208940843319,0.0675154715642538,-0.805477019932633,5.4860914923052e-05,0.774399253047586,0.000161553202636452,-0.255509697003509,0.306153511047424,0.0623488039967051,0.805859048275461,-0.500670939636677,0.0343191522325612,0.687138871484315,0.00162966336399679,-0.373736884658687,0.126565985892415,0.227658532074071,0.363590736661346,-0.635109677183632,0.00462595906234248,0.0369910785082534,0.884140891462035,0.194987064928169,0.438128644857715,-0.294848351582495,0.234926586794438
"ENSMUSG00000086765","ENSMUSG00000086765","Gm11827","darkmagenta",0.834549451351855,0.574799157114634,-0.077438766336004,0.601899817261636,1.65662889711565e-05,0.0125857952664682,0.760048585495179,0.00822021595944905,0.63445988876693,0.00468117417889791,-0.586035147916699,0.0105941961429274,-0.753129812957637,0.000308717466120078,0.755405412390288,0.000288935598827059,-0.449794777977234,0.0610882220737733,0.351824838558655,0.152212007231092,-0.243266380986335,0.330694901309666,0.365032385781761,0.136361162683076,-0.243592544048324,0.330026638308368,0.222752647156235,0.374298574583573,-0.154792163364344,0.539681254004388,0.395656975394018,0.104110499745666,0.0199345615443213,0.937421853615874,-0.443438248923266,0.0652966643528945
"ENSMUSG00000039542","ENSMUSG00000039542","Ncam1","darkmagenta",0.679730798026058,0.726394877932207,-0.00872905706542666,0.597613284277061,0.00191397075251081,0.000640375387912299,0.97257739415867,0.00881452647637343,0.322430132687175,0.191916570324849,-0.271593159319931,0.275622707887571,-0.830175817527855,2.01156311336806e-05,0.842556329535916,1.14409176933239e-05,-0.0409241309480245,0.871913689321866,-0.163009341959997,0.518094683232876,-0.30351589635138,0.220799750915826,0.825722081543611,2.43784276567298e-05,-0.542452149371313,0.0200263131654777,0.386752897683643,0.112857736282081,-0.70833096397445,0.00100233600004583,0.10364416530735,0.682347518620386,0.313255947187151,0.205594815832738,-0.533682593682434,0.022545038633609
"ENSMUSG00000027306","ENSMUSG00000027306","Nusap1","darkmagenta",0.836000799586462,0.633582319010075,0.0681212066785615,0.591465516711507,1.55136973921255e-05,0.00475659625473937,0.788255416869421,0.00972675947279811,0.529428670353308,0.0238529178975772,-0.413685459992868,0.0879061489599514,-0.840651219516842,1.25169232613674e-05,0.860916383421459,4.50888823794067e-06,-0.430437030923255,0.0745705231217079,0.317136434150039,0.199733391439867,-0.522447026809036,0.0261271899863351,0.446506307307961,0.0632393181093794,-0.119436951891376,0.636894418947265,0.236039463917478,0.345703903601506,-0.30603809613156,0.216794576213701,0.595249521751359,0.00915674868639913,-0.149313842221762,0.554294566829579,-0.673288708882562,0.00219341369737713
"ENSMUSG00000027215","ENSMUSG00000027215","Cd82","darkmagenta",0.613691031370091,0.841711338857801,-0.0140706632856722,0.590532720722582,0.00675021401443265,1.19079638250097e-05,0.95580912843825,0.00987155874939268,0.517894055452977,0.0276989741341295,-0.44792677983628,0.062303325101233,-0.815936283836903,3.65217040779219e-05,0.797269815852828,7.42644244988872e-05,-0.258215474312527,0.300881105303599,0.0559072601782052,0.825608334548363,-0.428684216817196,0.0758913339202585,0.687829204844871,0.00160505612791507,-0.427711714660563,0.0766315327817183,0.241601753332795,0.334117784121391,-0.616278656046759,0.00645802693621662,0.0269219919104519,0.915551555748222,0.19470157901651,0.438812779460845,-0.260830234095366,0.295838277648369
"ENSMUSG00000062545","ENSMUSG00000062545","Tlr12","darkmagenta",0.685715898560819,0.860265517147674,0.091040365668583,0.590379205220495,0.00168137223458544,4.67044205644336e-06,0.719393459399793,0.00989555407657071,0.514115408229151,0.0290584239866977,-0.424136496290749,0.0793983966424409,-0.861944124738383,4.26356227410051e-06,0.872094584807235,2.39301987716817e-06,-0.247510056543874,0.322061975865834,0.0470990985955379,0.852773357821624,-0.412689660052867,0.0887500372576189,0.723801775328833,0.000684331690789149,-0.441070766472687,0.0669179314558725,0.309776912329673,0.210944764033056,-0.600554532117663,0.00840314668463692,0.174075537158385,0.489677028480675,0.194778351416706,0.438628748677079,-0.421496356302804,0.0814881202729659
"ENSMUSG00000110755","ENSMUSG00000110755","BC049987","darkmagenta",0.888551318298681,0.744979062530853,0.156033714135707,0.584152458052162,8.39096771224125e-07,0.000389189633037978,0.536393840343913,0.010908999078539,0.609863374328333,0.00720195610919211,-0.525003850557943,0.0252755105020649,-0.908452220854534,1.85544427817541e-07,0.92119314038048,5.82926726275762e-08,-0.447187628337746,0.0627890761590906,0.33162907073777,0.178821652153926,-0.326495857680456,0.186052740796858,0.490149057470995,0.0389250295500885,-0.263902961436555,0.289977910593332,0.0914351506533155,0.718223510746076,-0.233567599262055,0.350925923647893,0.515668154419525,0.0284936645040759,-0.0573015722714329,0.821324606014751,-0.632905161165445,0.0048154683699428
"ENSMUSG00000094910","ENSMUSG00000094910","D430019H16Rik","darkmagenta",0.596534109049387,0.803928436005512,-0.17527989811986,0.583997029892609,0.00896946777479391,5.81486936944737e-05,0.48663073920539,0.0109353190302716,0.38238217820871,0.11733733898329,-0.291011140086812,0.241360827623834,-0.721195070603154,0.000731032461625317,0.727641824667106,0.000620094370383785,-0.242981595988282,0.331279031989802,0.0534222966264981,0.833254418852778,-0.610632834758251,0.00710923607557138,0.610579457401588,0.00711563673589727,-0.218898862496221,0.382831980838268,0.181204382843392,0.471781214922787,-0.606593070265634,0.00760699666996104,0.0975820934876647,0.70008533088184,0.0255039888386973,0.919985657526154,-0.307585300349245,0.214361161811088
"ENSMUSG00000028737","ENSMUSG00000028737","Aldh4a1","darkmagenta",0.871322878186285,0.84099852650631,0.119120227297196,0.583917642857705,2.50463977366052e-06,1.23145520228344e-05,0.637794616068359,0.0109487818995416,0.50276349812446,0.0334554799384309,-0.432010376078877,0.0733994419112398,-0.954358172254003,8.20331614391315e-10,0.962139913014763,1.88467079222479e-10,-0.231284921256189,0.355788094066614,0.0538674889403787,0.831883521352754,-0.306013616486009,0.216833220845818,0.75836462968103,0.000264816601149394,-0.490896176515148,0.0385831656166129,0.190445586013296,0.449077187704622,-0.542860324412081,0.0199147171405524,0.323151499083493,0.190867335646246,0.200234483765898,0.425652911327581,-0.651974851366126,0.00336804409807129
"ENSMUSG00000117485","ENSMUSG00000117485","Gm19696","darkmagenta",0.743140719099475,0.642502597866452,0.0580948446534416,0.576707107751595,0.000409586811316912,0.00403428798128441,0.818889581831312,0.012228077651093,0.64486369809296,0.00385892725369029,-0.57836796460754,0.0119233366736595,-0.756803621253156,0.000277318790156603,0.772034118561653,0.000174193117030487,-0.494481263704543,0.0369746067844655,0.420621503425732,0.0821893803746289,-0.151700398117071,0.547907043188634,0.311119198670709,0.208869986680102,-0.20699846872055,0.409851781191458,0.0371454545341332,0.883660474468132,0.00117261271955524,0.996315557304339,0.409670205100204,0.0913448506078395,-0.0738168195630272,0.770981093710174,-0.396264225251689,0.103532197133137
"ENSMUSG00000046598","ENSMUSG00000046598","Bdh1","darkmagenta",0.797890291807601,0.687482787576476,0.142326682529723,0.573975132110417,7.26180079276854e-05,0.00161736557068529,0.573181883732724,0.012742847513116,0.568219960776112,0.01388380245171,-0.489772914642926,0.0390980189832411,-0.812695272337605,4.1539268694348e-05,0.833699416125378,1.72106806699594e-05,-0.390328301292795,0.109284749095325,0.256994830661326,0.303252818858778,-0.298877019887122,0.228290381484578,0.477140567131452,0.045257073837822,-0.305904997873119,0.217004744850691,0.100245632599317,0.692272906983403,-0.28313979536456,0.254906540470149,0.446070592866833,0.0635285127074252,0.0185390722667953,0.941795255754296,-0.5322929377515,0.0229659562305384
"ENSMUSG00000040616","ENSMUSG00000040616","Tmem51","darkmagenta",0.840410729753592,0.692378575366762,-0.0284637117496822,0.57001625216043,1.26587156373562e-05,0.00145046811960823,0.910733285407048,0.0135193018274318,0.596364157444897,0.00899406677866419,-0.557759955355141,0.0161645072828408,-0.916771950565359,8.8936703576296e-08,0.889073550757757,8.09529423960086e-07,-0.301615018328151,0.223849710833184,0.158053411111632,0.531065548919195,-0.197700866160332,0.431653051915249,0.649003606331459,0.0035665165009077,-0.485588622912898,0.0410623260507231,0.165465518351146,0.511721617073553,-0.413461145652756,0.0880957322843035,0.284465446456269,0.252592533008455,0.228716259738597,0.361304991129625,-0.554395962553307,0.0169578452126679
"ENSMUSG00000067780","ENSMUSG00000067780","Pi15","darkmagenta",0.708882303376085,0.446220987154935,-0.0596956932502958,0.568634892257774,0.00098919913952839,0.0634285811335526,0.813980446704233,0.0137989189771209,0.391169469276056,0.108456011673766,-0.272780098686841,0.273446786933309,-0.671599259812799,0.00227201605642807,0.723736468699116,0.000685470458496817,-0.360467050917617,0.141704088838187,0.254573056059247,0.307991416088001,-0.507525263479514,0.0315526181008965,0.348083718791739,0.156922471169026,-0.0299978374470472,0.905941688255366,0.460185704507939,0.0546495405810958,-0.269441109155454,0.279594991752804,0.477405875859355,0.045120578060709,-0.209318744253285,0.404504997953765,-0.523693181031827,0.0257093467458573
"ENSMUSG00000071847","ENSMUSG00000071847","Apcdd1","darkmagenta",0.653033263378064,0.621727452968394,0.152515511643236,0.562182400624731,0.00329957049671777,0.00587621577684971,0.545732977170594,0.0151665836635122,0.230096970734084,0.358333551116954,-0.130813632887146,0.604888192789227,-0.745360072427271,0.000385070759399053,0.813980738773745,3.94831424844158e-05,-0.0412791905925933,0.870811186216005,-0.137742913800923,0.585719935869141,-0.299499651724029,0.227275619983302,0.703700321301106,0.00111851531702506,-0.425281572624509,0.0785043713039296,0.526531092886144,0.0247772145974564,-0.593271075011561,0.00945132554624304,0.261462493490401,0.294626616377375,0.141551045828146,0.575295394342686,-0.553509081794866,0.0171720439503909
"ENSMUSG00000028222","ENSMUSG00000028222","Calb1","darkmagenta",0.771538725825692,0.815736117373886,0.214392728659256,0.560536548096279,0.000176943801272863,3.68158597053201e-05,0.392944907232781,0.0155320906156811,0.406294501111667,0.0943104387708217,-0.266754363559547,0.284603238630248,-0.811381140262399,4.3734825563001e-05,0.842415167750368,1.1517831475913e-05,-0.347238574948239,0.158000243524541,0.19218057053422,0.444878069724964,-0.681117503668449,0.00185784509756971,0.523100388622343,0.02590745915653,-0.097212108538859,0.701172823589847,0.0535894060204583,0.832739778714519,-0.475898900277796,0.0459000604868631,0.538736099696497,0.021065068184189,-0.182014146624927,0.469769256564694,-0.64872278201047,0.00358575983983695
"ENSMUSG00000031445","ENSMUSG00000031445","Proz","darkmagenta",0.786591493842651,0.813867402405973,0.290506369207726,0.544362749152413,0.000107986246323771,3.96608694032859e-05,0.242215473772623,0.0195081583896742,0.444412156923469,0.0646382754889448,-0.289580776730678,0.243787612843376,-0.834753631478492,1.6414615656505e-05,0.894382235520767,5.56355364076805e-07,-0.333662313819711,0.176010355611401,0.182660763078228,0.468165737417614,-0.559694192334088,0.0157218415159894,0.568723138252814,0.0137809196470167,-0.181491288560368,0.471067872227306,0.166256507091023,0.509677126130338,-0.445426111239519,0.063958076128588,0.541458317710455,0.0203000862036012,-0.114606968539516,0.650674143473504,-0.633736469109338,0.00474327673715401
"ENSMUSG00000029436","ENSMUSG00000029436","Mmp17","darkmagenta",0.752348216096007,0.743799058907394,0.146931903229821,0.538621817374951,0.000315769535862705,0.000402181527423738,0.560702315148743,0.0210976711134581,0.262629818750259,0.292397455033729,-0.177019187454885,0.482247789734253,-0.836569902148559,1.51168619388363e-05,0.852350964411104,7.06992975912389e-06,-0.0522220929631939,0.836952521879736,-0.116119043096871,0.64634840118785,-0.348036879534297,0.156982071110614,0.763073489700635,0.000229940495985705,-0.440501463000796,0.0673122115484941,0.396235456576961,0.103559542340372,-0.653640655238829,0.00326079375847603,0.265112889917913,0.287689809912545,0.152533906795997,0.545683958331033,-0.597820179331751,0.00878506930266414
"ENSMUSG00000022797","ENSMUSG00000022797","Tfrc","darkmagenta",0.845681465389561,0.777469095124529,0.163261154309539,0.538358410942988,9.84719938683297e-06,0.000146310745793832,0.517439603649132,0.0211729676671429,0.529871010523994,0.0237142204453083,-0.409398636953408,0.0915808926480479,-0.786792401178341,0.000107248998661652,0.836662550335877,1.50530874332508e-05,-0.515658601633787,0.0284971127568578,0.418870193119734,0.0836064305459577,-0.529895028459466,0.0237067076179295,0.340214939981827,0.167153144924033,0.0150313681601365,0.952794980159424,0.0811363127467324,0.748932361258863,-0.150614500982616,0.550809328844423,0.564817446382441,0.0145956391650621,-0.321516734784662,0.193250597782475,-0.545340205317331,0.0192471849084234
"ENSMUSG00000017146","ENSMUSG00000017146","Brca1","darkmagenta",0.752434166435804,0.646079141988227,0.0912410150106025,0.537295549126231,0.00031498746460463,0.0037711161300047,0.718798759025475,0.0214789394839506,0.273615055132423,0.271922496920378,-0.218591636860605,0.383516862108129,-0.759010364765416,0.000259785578352818,0.785076992770714,0.000113683352973269,-0.0368910395925764,0.884452232338727,-0.10280847148919,0.684783634306362,-0.143244490311211,0.570685279492205,0.675373885223496,0.00209950592888657,-0.465689873945939,0.0514529591375063,0.35032904134505,0.154083571675984,-0.46504428723481,0.0518204007893422,0.273437084225626,0.272246958089165,0.227685559712727,0.363532228621022,-0.642101506826479,0.00406471423357832
"ENSMUSG00000038451","ENSMUSG00000038451","Spsb2","darkmagenta",0.834301995270914,0.732869484663561,0.147249216818684,0.534436420793789,1.6751714305461e-05,0.00054081634307665,0.559846831645038,0.022319251212668,0.55452082978521,0.0169278578221197,-0.483975238562324,0.0418395301300226,-0.858715903335611,5.07521558476483e-06,0.850859995700078,7.62393546506137e-06,-0.309863379537302,0.210810707605039,0.196935483057911,0.433474297119887,-0.191034266536689,0.447650156636212,0.565501555796372,0.0144502389384971,-0.399060726321953,0.100898704456076,0.208289168885737,0.406872860416357,-0.318581934383942,0.197578436086012,0.377364454763837,0.122633612426086,0.119537792643654,0.636607910000212,-0.522248322350289,0.0261943029583833
"ENSMUSG00000091345","ENSMUSG00000091345","Col6a5","darkmagenta",0.635665786434275,0.6709313545134,0.306126803405264,0.528741683454411,0.00457912695026291,0.00230372427694085,0.216654576518913,0.0240695814888581,0.303949868620526,0.22010723123202,-0.210592347664856,0.40158623232275,-0.804552989418394,5.68031059316044e-05,0.825906332863566,2.41879188498169e-05,-0.0668934717153321,0.791991675260476,-0.107798350756237,0.670282427055096,-0.299926567913384,0.226581514136753,0.734076315394761,0.000523775764631597,-0.481381470494019,0.0431124726667718,0.317324068904738,0.199452794033003,-0.638508621773147,0.00434572000499012,0.346560124288951,0.158869091451024,0.204239811868679,0.416257792100274,-0.597060299201777,0.00889364930441922
"ENSMUSG00000071547","ENSMUSG00000071547","Nt5dc2","darkmagenta",0.758942894605013,0.778577842985711,0.0969609223500369,0.521370937523693,0.000260307451503472,0.00014111345554707,0.701911447656116,0.0264922490761263,0.588050585062522,0.0102653054342505,-0.52906557882224,0.0239672398061926,-0.910405451802737,1.57129848898429e-07,0.867281677576757,3.16529242583714e-06,-0.35705862420319,0.145786451443786,0.203390920463436,0.418239713208555,-0.372294276197344,0.128154141855615,0.602154529715621,0.00818594454618473,-0.385450984905459,0.1141791568656,0.118469599491809,0.639645347829865,-0.438287613902854,0.0688618476214125,0.280535250464162,0.25949155111045,0.104978385198599,0.678464353039263,-0.530397547087469,0.0235499457603337
"ENSMUSG00000006542","ENSMUSG00000006542","Prkag3","darkmagenta",0.75236364106413,0.517084537012503,0.181150152568993,0.511385526728392,0.00031562906227322,0.0279859690690797,0.471916109719956,0.0300723397728935,0.46832277556884,0.0499747468940062,-0.364644042162607,0.136810108112817,-0.765449924634102,0.000213865493359625,0.774196270984295,0.000162606651102427,-0.302258721152898,0.222813861901865,0.202678613898707,0.419906608660546,-0.31356463145277,0.205124470287425,0.462629199006983,0.0532125435015632,-0.250750697665694,0.315559854265146,0.493897598031291,0.0372329148693923,-0.318226190972842,0.198107348983095,0.433111941562169,0.0725876303959212,-0.0123853107312824,0.961098165971368,-0.532731936103699,0.0228323273812088
"ENSMUSG00000102101","ENSMUSG00000102101","Zbtb11os1","darkmagenta",0.905694377053326,0.750755413247437,-0.0548896291117752,0.507588930210041,2.33180743966213e-07,0.00033056109236578,0.828737758810683,0.0315277559488098,0.547782313085484,0.0186071664051289,-0.46338709017209,0.0527726708480668,-0.773903664792062,0.000164135451601212,0.789931292043425,9.62725038789541e-05,-0.425185718685868,0.0785789252083329,0.326883373230773,0.185500154324168,-0.364306058966177,0.137201670675437,0.423554475164617,0.0798556641472138,-0.159505798437016,0.527248962284593,-0.00240438417846464,0.992445310799005,-0.212677741080861,0.396831784886223,0.421631757199717,0.0813799788476957,-0.0898588973650661,0.722898288951387,-0.481552699423855,0.0430275401251988
"ENSMUSG00000027220","ENSMUSG00000027220","Syt13","darkmagenta",0.708307575407518,0.797921712323095,0.0908039567292416,0.503847232064231,0.00100289647945657,7.25354659818967e-05,0.720094343689718,0.0330148244012648,0.379494303143738,0.120365348244232,-0.331837040271565,0.178532724948267,-0.778130942323958,0.000143189200166531,0.765933750948374,0.000210711747685637,-0.125030692406793,0.621076486927177,-0.0331759883604745,0.896025245709926,-0.229396127558292,0.359840103584047,0.68167132119861,0.00183581341955582,-0.479597264928497,0.0440050880114279,0.230292419785747,0.357914047790077,-0.519968749965473,0.0269738805715243,0.106456813419216,0.674170465142076,0.232802347193286,0.352551678037141,-0.431223738918706,0.0739832481022261
"ENSMUSG00000063576","ENSMUSG00000063576","Klhdc3","darkmagenta",0.702783543092518,0.693294504105675,0.0874648636539336,0.502707690763441,0.00114279480545542,0.00142088959983792,0.730016246689455,0.0334782938479988,0.643096888544014,0.0039895482497628,-0.6094537677368,0.0072517108934071,-0.842153848020264,1.16613836826848e-05,0.795974224473537,7.78046772688895e-05,-0.346443169122451,0.159019197335567,0.229479293498696,0.359661140246447,-0.134032352058989,0.595952739812495,0.544476029349137,0.0194777715204644,-0.458811299148857,0.0554705320981679,0.104393465813597,0.680165783350298,-0.29582991860268,0.233298475567226,0.199092543979507,0.428351807006973,0.216897297825854,0.387306103456577,-0.391229344416752,0.108397192854499
"ENSMUSG00000024975","ENSMUSG00000024975","Pdcd4","darkmagenta",0.509889540963052,0.657933815895731,-0.167010333569061,0.487082732716166,0.0306394729187904,0.00299723209798972,0.5077322885232,0.0403524586076794,0.371850535235198,0.128645450453496,-0.341118309506912,0.165956224780415,-0.685197219671166,0.00170055476026024,0.671400707464699,0.00228140433986862,-0.135828209510756,0.590991024189821,-0.0786545555141143,0.756388409019451,-0.366519140855192,0.134651878664917,0.661567060802303,0.00278808844776491,-0.445355344326269,0.0640053755238015,0.149089722180832,0.554896099637381,-0.640508093720256,0.00418744647929723,-0.0683445388070995,0.787576239741494,0.26503554977555,0.287835738365975,-0.28750216048162,0.247341707283329
"ENSMUSG00000026725","ENSMUSG00000026725","Tnn","darkmagenta",0.56025005553072,0.801373943205307,0.0616111213551424,0.481024408290225,0.015596421680609,6.39382208697631e-05,0.80811529764728,0.0432899925870381,0.252397721436131,0.312285272965593,-0.172747773882545,0.493046150082829,-0.714973916218352,0.000853345362854474,0.733525015308954,0.000531503491151687,-0.0681173873321164,0.788267033179926,-0.121562989037481,0.630864347675469,-0.458955694579081,0.0553838455322201,0.718542504894642,0.000781258220954016,-0.374362923337487,0.125881104462944,0.203052589435176,0.419031015487662,-0.68979525073934,0.00153665586174544,0.112071429110517,0.657951650587664,0.153200221212832,0.543909714426919,-0.397631890452131,0.102238168320499
"ENSMUSG00000021613","ENSMUSG00000021613","Hapln1","darkmagenta",0.82440725933226,0.693671005267471,0.219843419027562,0.469854146477493,2.57754709200238e-05,0.00140887704271842,0.380730574364308,0.0491298735791207,0.405462768429714,0.0950516869880862,-0.26831814649954,0.281681639119307,-0.761136732790023,0.000243784049697376,0.839224241092906,1.33785700591628e-05,-0.384434616446113,0.115218362555461,0.292379468941001,0.239053705647765,-0.523035944106174,0.0259290681300189,0.427510027190398,0.0767857049931236,-0.0188087786284704,0.940949880619549,0.200201654994939,0.425730374533,-0.264956897261047,0.287984189256352,0.652069328841812,0.00336188496497681,-0.265288717904133,0.287358218311201,-0.633038020786415,0.0048038709913759
"ENSMUSG00000022894","ENSMUSG00000022894","Adamts5","darkmagenta",0.749814695393102,0.826517153882748,0.254137227909925,0.462249742383803,0.000339567646080572,2.35654166859329e-05,0.308848851981194,0.0534338110641151,0.375510639287267,0.124632283707811,-0.23419002509795,0.349606768007435,-0.845700050304032,9.83832301869537e-06,0.877461794889675,1.72842053195095e-06,-0.275700126679198,0.268138979087627,0.114736905219232,0.650302000822464,-0.609492359944463,0.00724701129038632,0.619884030506817,0.00606808337883261,-0.192364362043379,0.444434433652199,0.139115150944443,0.581954402257689,-0.535831866968629,0.0219059637919325,0.46078448873327,0.054294732718153,-0.102483964413198,0.685730398827375,-0.655357778581657,0.00315318695041845
"ENSMUSG00000047583","ENSMUSG00000047583","Tyw3","darkmagenta",0.869586796188949,0.725428355396376,0.267920872924863,0.458045298180109,2.77223780052479e-06,0.000656474467176798,0.282422114724358,0.0559321000541023,0.355566065510635,0.147599438745108,-0.278886715659877,0.262420066851718,-0.876972918500695,1.78150759531221e-06,0.885969192744507,9.99385233663472e-07,-0.155939289807967,0.536643539793724,0.0575937926840576,0.820427425949937,-0.228806059631107,0.361111309249829,0.660196549540866,0.00286552338643757,-0.381931718655777,0.117806069426858,0.0824228758255179,0.745075363649974,-0.415006734766838,0.0867954670382979,0.521235823825612,0.0265383650449833,0.0920480982496869,0.716408217379298,-0.77467182414688,0.000160147676944774
"ENSMUSG00000022519","ENSMUSG00000022519","Srl","darkmagenta",0.648291971851855,0.688790471093504,0.11203271935624,0.452064796999697,0.00361544606160762,0.00157130460487184,0.658062984472666,0.0596355371201789,0.320863907965672,0.194207814993269,-0.179329307956149,0.476456473389302,-0.732510563669497,0.000545973028775036,0.746677087153483,0.00037111418550719,-0.280701197683706,0.259197892766192,0.145972962673704,0.563291103187424,-0.733095551685106,0.000537589385052325,0.517321744661802,0.0279016347118935,-0.0411435351684441,0.871232386058304,0.118032615277413,0.64088950178884,-0.53668648427459,0.0216558313534404,0.454879493774307,0.0578703585805507,-0.183729132452416,0.465522337282393,-0.576635350136387,0.0122413827805687
"ENSMUSG00000075012","ENSMUSG00000075012","Fjx1","darkmagenta",0.805012832956286,0.770230525727973,0.171355546138549,0.440098960272861,5.58293917302843e-05,0.00018438464165431,0.496590842208601,0.0675920096049255,0.212077561090243,0.398196970615157,-0.141416435701295,0.57566252792297,-0.734321519218569,0.000520369049161028,0.793872034400985,8.38537379031357e-05,0.0150722024617719,0.952666878455018,-0.184549710612047,0.46349712771528,-0.243686809689752,0.329833648141734,0.761016573991152,0.000244665569869848,-0.462045953820075,0.0535529291860092,0.182733559042412,0.467985385056075,-0.607461098067321,0.00749773828988343,0.318947222498243,0.197036303366029,0.247731023011497,0.321616133743367,-0.660511372857189,0.00284758115259174
"ENSMUSG00000003410","ENSMUSG00000003410","Elavl3","darkmagenta",0.617318823331003,0.804016602060016,0.112572012216042,0.431077708079675,0.00634350073868545,5.79571145378171e-05,0.656512531243927,0.074092001111386,0.384914058383603,0.114727315181918,-0.284165458188268,0.253115020994708,-0.778648564814788,0.000140787315048704,0.778007513042121,0.000143767030456451,-0.200159167982136,0.425830638478376,0.0369585008163615,0.884242277906297,-0.516027766412763,0.0283640914241138,0.665419529471463,0.00257958280236981,-0.286311800990708,0.249391689811309,0.120816551350577,0.632978964345653,-0.593659896063725,0.00939283990126553,0.218715528548696,0.383240595732036,0.0810201264413285,0.749280957884779,-0.470166152929808,0.0489590698091827
"ENSMUSG00000047963","ENSMUSG00000047963","Stbd1","darkmagenta",0.744201067674486,0.667903570394002,0.27789042076098,0.406213428729784,0.000397715104168845,0.00245207659195375,0.264199863929426,0.0943825068441082,0.436028504612863,0.0704702536018847,-0.342528476131784,0.164099472454584,-0.772603477202334,0.000171076445325682,0.753060268273041,0.000309339522149563,-0.296683395516886,0.231888708034025,0.209252074203981,0.404658102939753,-0.427751701024432,0.0766009938015048,0.466097586931282,0.0512219206084381,-0.190347731464914,0.449314624242918,0.119782123070831,0.635913921359629,-0.339094380788773,0.168645944282577,0.530680486990612,0.0234620394064488,-0.036046625617097,0.887080853104555,-0.667290297479447,0.00248306267159336
"ENSMUSG00000080115","ENSMUSG00000080115","Eef1akmt3","darkmagenta",0.708999982496974,0.719269364235038,0.390960444901725,0.399435612934999,0.00098641382933074,0.00076721719742186,0.10866152698854,0.100549365083091,0.358834350573078,0.143649608914258,-0.25476186532859,0.307620399842824,-0.804512417062227,5.688970653161e-05,0.825729008829904,2.43712420025675e-05,-0.177626711522487,0.480721429747816,0.0586139822366923,0.817296892000291,-0.285939164230332,0.250035623069803,0.615599600463272,0.00653369289487876,-0.344752800185513,0.16119951770046,0.265333762095906,0.287273307551042,-0.43510777529691,0.0711336885869587,0.423776765908044,0.0796807931957035,0.047326194132404,0.85207086284749,-0.604117907104472,0.00792562029593411
"ENSMUSG00000021221","ENSMUSG00000021221","Dpf3","darkmagenta",0.649595604326003,0.572485966894068,0.161499239196883,0.398504173503754,0.00352622711097587,0.0130306307038284,0.522031256081358,0.101418937427388,0.164120603931756,0.515206699191089,-0.0994189784402865,0.694694446522187,-0.582598396696763,0.0111744553854028,0.612898838313064,0.00684177419402416,-0.00563982064726655,0.98228049194673,-0.0734000779232384,0.772241669600824,-0.187250290763586,0.456863435089799,0.541949619476398,0.0201643808825276,-0.284512526254737,0.252510595991323,0.264564537972659,0.288725434686356,-0.389031424922217,0.110571294150214,0.262751727866786,0.292165244716124,0.111430546092531,0.659795787130998,-0.499935259861664,0.0346268381358093
"ENSMUSG00000018659","ENSMUSG00000018659","Pnpo","darkmagenta",0.778207470373087,0.666255713574569,0.145093622682936,0.385976569789529,0.000142831924257417,0.00253606622150535,0.565669560197854,0.113644381091807,0.439559952271069,0.0679680489068183,-0.405503021330565,0.0950157165923778,-0.773246263872128,0.000167614588120711,0.783195872785769,0.000121112333871688,-0.152611916656605,0.545476101953559,0.0311597782134025,0.902314598779339,-0.0552598332338565,0.827599018724732,0.641747989635156,0.00409168680924532,-0.49839452752228,0.0352781025602494,0.213965566965861,0.393911080708265,-0.385388441378379,0.114242912840435,0.273874995266984,0.271449026027294,0.280803786964564,0.259016455868356,-0.523732966471095,0.0256960927832899
"ENSMUSG00000039693","ENSMUSG00000039693","Msantd3","darkmagenta",0.867144781418087,0.618848673761218,0.229088451864062,0.38583834160704,3.19006959061651e-06,0.0061780542039263,0.360502624166906,0.113784853682891,0.406986279807039,0.0936971098709128,-0.314993438063523,0.202956580067105,-0.773429225386582,0.000166640107184853,0.800363537758416,6.63596933517634e-05,-0.348575464181979,0.156297690751454,0.303021481331788,0.22159043918662,-0.317866280733215,0.198643407063504,0.389387784857797,0.110216703444202,-0.0896866562046781,0.723409683342209,0.0389691156739227,0.877988221017249,-0.138713233795,0.583056238764357,0.662647177050584,0.00272828036757117,-0.193000666676913,0.442900282659123,-0.734784944689347,0.000513981186599711
"ENSMUSG00000027559","ENSMUSG00000027559","Car3","darkmagenta",0.721269849005754,0.512987072902907,0.297781428799112,0.37047690690645,0.000729656624792262,0.0294742367627378,0.23008302815136,0.130174694040669,0.191339961982177,0.446910033649207,-0.072052080461196,0.776322846615608,-0.7498200321834,0.000339515974952746,0.786675018048122,0.000107679226765375,-0.0427079834687549,0.866376921614946,-0.0915175236447242,0.717979472772071,-0.416355920514123,0.0856719023953197,0.661821980888965,0.00277387679992795,-0.301844294476054,0.223480403225127,0.548576313129389,0.0184027330882253,-0.603367078397021,0.00802437226578425,0.487101847545137,0.0403434381398703,0.061597760795113,0.808156175112206,-0.773550621931174,0.00016599617691146
"ENSMUSG00000020598","ENSMUSG00000020598","Nrcam","darkmagenta",0.677448968991522,0.722641698628619,0.17267149806924,0.369777919953551,0.00200937183481938,0.000704797362410968,0.493240035284141,0.130957733124621,0.210252139272788,0.402364781796594,-0.134949354765104,0.593417040974262,-0.745234437932378,0.000386424853477566,0.782536620760507,0.00012381130293759,-0.0600769476039017,0.812812263417266,-0.0993460333818336,0.694908261871265,-0.360620546980294,0.141522127485065,0.684962674149117,0.00170928832977962,-0.354312289713867,0.149134345784223,0.364041208965219,0.137509050873467,-0.570687623477217,0.0133850404319978,0.229824369687193,0.358919116014377,0.0921433252935481,0.716126324384335,-0.576255287238266,0.0123120459525332
"ENSMUSG00000024552","ENSMUSG00000024552","Slc14a2","darkmagenta",0.597506847010242,0.779555319097706,0.150613923714063,0.368359990675155,0.00882971166516844,0.000136661909679803,0.550810873528133,0.132556275796756,0.147435566748317,0.559344695126249,-0.060786443437752,0.810639333442885,-0.67988641252178,0.00190760345770469,0.70586877105504,0.00106278984661655,-0.0129411108585352,0.959353751709235,-0.147505812357522,0.559155463281853,-0.416520354535506,0.085535694625358,0.689944612133922,0.00153155977114051,-0.316570508583733,0.200581276874839,0.0788412782642504,0.755826708278578,-0.631892839116441,0.0049045855326513,0.176873733713732,0.48261358413216,0.0806801896833041,0.750301143864551,-0.485623554960955,0.0410456213354244
"ENSMUSG00000063929","ENSMUSG00000063929","Cyp4a32","darkmagenta",0.471725905025674,0.562482965086412,0.0488388870130278,0.368108849504422,0.0481119338636321,0.0151005782093192,0.847394241060339,0.132840821371955,0.303053139380902,0.221539755591372,-0.287630212195795,0.247121818739745,-0.687259952775385,0.00162532492452623,0.630570244132893,0.00502303585204209,-0.0385889338175234,0.879170268237146,-0.0750245290996728,0.767331060957585,-0.081971637720089,0.746427482226044,0.627620143074027,0.00529564660802531,-0.500782852232068,0.0342725317848831,0.216164936547291,0.38895031894335,-0.485742452532636,0.0409888026977786,-0.0589472044875478,0.816274940031981,0.284245009131525,0.252976401404165,-0.259293276062295,0.298796233327343
"ENSMUSG00000081058","ENSMUSG00000081058","H3c15","darkmagenta",0.852285398437847,0.617579653008655,0.307617085001648,0.324087829833845,7.09354517416823e-06,0.0063150421146756,0.214311358593761,0.18951112462291,0.324193051704547,0.189359119511682,-0.233460493483467,0.351153208032692,-0.773545844510596,0.000166021478226647,0.787873779546176,0.000103353629138817,-0.199464283077308,0.42747224250267,0.14822111048728,0.557230149464552,-0.195452120632441,0.437015378118101,0.47907358345216,0.0442697300653931,-0.236122266992649,0.345529753004408,0.0127505566254182,0.959951798951713,-0.213001138883505,0.396097233618791,0.595937789312747,0.00905601870144699,-0.0448622927453772,0.859698225433102,-0.793963350429121,8.35829256716587e-05
"ENSMUSG00000106263","ENSMUSG00000106263",NA,"darkmagenta",0.774001899821494,0.529055295837859,0.38902759200057,0.320140411027233,0.000163620847036229,0.023970483699558,0.110575112454117,0.195272315146316,0.314938879298439,0.203039082992909,-0.212917471350383,0.396287201201519,-0.678387296480643,0.00196967680462421,0.738611470554688,0.000463703201515516,-0.21392092893252,0.394012119851717,0.166968148829597,0.507841030246013,-0.163452940300266,0.5169409399567,0.400006265934016,0.100019270452491,-0.187457493793033,0.456356460523655,0.181063378499779,0.472131995304377,-0.135985174644937,0.590558166747825,0.638089533949443,0.00437950499584834,-0.0713765442703116,0.778370195737293,-0.734037569631152,0.000524315780993354
"ENSMUSG00000058589","ENSMUSG00000058589","Anks1b","darkmagenta",0.781967528811403,0.564261359454622,0.289426862843135,0.315070258672582,0.0001261819500518,0.014714683682472,0.244049664596663,0.202840450476448,0.325128596746748,0.188011181701868,-0.215711838287003,0.389969481119183,-0.699218546578164,0.00124141469905977,0.74236225791856,0.00041849067707898,-0.305992853774632,0.216866001269064,0.272560258899586,0.273848999586917,-0.323085833001579,0.190962689674219,0.32912600532916,0.182323732085598,-0.0463870025533496,0.854976829686838,0.0428535380670445,0.86592540313977,-0.103017343065692,0.684174478027072,0.701669031216946,0.00117289958624207,-0.235946052871616,0.345900425360142,-0.746170467306914,0.000376431716324403
"ENSMUSG00000045034","ENSMUSG00000045034","Ankrd34b","darkmagenta",0.362538615903966,0.427269202774887,0.276402863990689,0.308739026665545,0.139262003516485,0.0769700924671009,0.266871202452073,0.212558215687711,0.0685982055734552,0.786804988576295,0.0576252610502827,0.820330823868567,-0.441126821783793,0.0668792023939399,0.453422406091842,0.0587791831773165,-0.014264639107093,0.95520049484471,-0.0645542524483601,0.799122304222166,-0.41928730006493,0.0832673269200437,0.389255888209538,0.11034785067731,-0.0922998136789411,0.715663160208847,0.293588458793563,0.237026965238519,-0.423967799733147,0.0795307357576321,0.317602357508871,0.199037107498571,-0.0644436922517757,0.799459703389287,-0.433664990221229,0.0721825629639249
"ENSMUSG00000112713","ENSMUSG00000112713",NA,"darkmagenta",0.794170500174955,0.501823751836011,0.348046178311877,0.308256296670332,8.29713407323251e-05,0.0338412480504838,0.156970237782996,0.213311378951235,0.373970115564755,0.126310527964058,-0.278955253067869,0.26229790593922,-0.723958067566269,0.000681612803756966,0.747343661219263,0.000364214044083051,-0.32819661149853,0.183635660860215,0.308054942961886,0.213626047281924,-0.220170245537904,0.380004957622879,0.310642473131971,0.209605329455164,-0.0916005044454355,0.717733660364219,0.142775380649342,0.571960758987427,-0.0448313255957409,0.859794165362097,0.672267140755201,0.00224066963941971,-0.210717146821678,0.40130084056695,-0.730400855850601,0.000577123393684801
"ENSMUSG00000094918","ENSMUSG00000094918","Gm8765","darkmagenta",0.662473724880105,0.58183786080435,0.258345861203819,0.277776908941251,0.00273781299111587,0.0113062358655178,0.3006284244189,0.264403118649016,0.156443030440713,0.535312038649996,-0.0490364805224389,0.846783718244858,-0.582416878426808,0.0112057954188352,0.593454472483689,0.00942370294197505,-0.0498085234658244,0.844399065081814,-0.00611605323120585,0.980784488439313,-0.300339282083106,0.225911797290411,0.473736861922285,0.0470361801681619,-0.169910832845676,0.500282082456921,0.268268163518495,0.281774736640552,-0.364653655577299,0.136798982103587,0.390613269715078,0.109003487699984,-0.017987367357896,0.943524718467965,-0.550674636198189,0.0178709902981199
"ENSMUSG00000024245","ENSMUSG00000024245","Tmem178","darkmagenta",0.615519810749176,0.441675978633394,0.207275105192903,0.256048095394832,0.00654263065966494,0.0665006651106423,0.409212324259722,0.305100025771912,0.320642023869483,0.194533869491877,-0.248830093304411,0.319403956487386,-0.635441316383325,0.00459798368940728,0.67782280870693,0.00199347848671607,-0.249482411970119,0.318095248587492,0.172981394921697,0.492452539048869,-0.282477002007087,0.256068459005109,0.393242619533549,0.106432665737842,-0.146249372587124,0.562544364340524,0.0955757873517305,0.705989049715624,-0.230530619346286,0.357403163935587,0.473777083678315,0.0470148514272476,-0.0831942469182477,0.742765621332125,-0.587135981728124,0.0104135258346699
"ENSMUSG00000028524","ENSMUSG00000028524","Sgip1","darkmagenta",0.393642225151069,0.420323197091552,0.1399903408451,0.251888752844467,0.106045784501422,0.0824295011507236,0.579558155489367,0.313295029405641,0.0389562573760449,0.878028195558193,0.096268038546353,0.703950219412017,-0.391981757968284,0.107659993114369,0.446920383071662,0.06296539586684,-0.0638303853481662,0.801331958804691,-0.00668357187604198,0.979001805388796,-0.515636996173102,0.0285049128381036,0.325906516782973,0.186895227000661,0.0513593860160585,0.839612735162975,0.408122797519339,0.09269574901452,-0.364775772642648,0.136657705691756,0.311217915126419,0.208717928924098,-0.190093088690942,0.449932796462895,-0.381230937109701,0.118537907081257
"ENSMUSG00000007646","ENSMUSG00000007646","Rad51c","darkmagenta",0.540221544747964,0.388530158367551,0.203624561452684,0.240828703103017,0.02064488219673,0.11107144646025,0.417693728147785,0.335714347568267,0.163225566849807,0.517532159490602,-0.094609557202119,0.708837993087863,-0.52730495405498,0.02452767051187,0.571757001528321,0.0131733795300186,-0.0121162906026591,0.961942563713855,-0.109122215973387,0.666453405525373,-0.228898173084176,0.36091269851837,0.507705483437053,0.0314822806197292,-0.293603396275507,0.237001992922045,0.205740222955747,0.41276702560732,-0.425963011658974,0.0779758527703737,0.404715252256705,0.0957214639766922,0.160664067253806,0.52421434565952,-0.672534008478284,0.0022282445644361
"ENSMUSG00000020848","ENSMUSG00000020848","Doc2b","darkmagenta",0.175946396533339,0.240458621587504,-0.0297108440423808,0.237581892875085,0.484948893748166,0.336480234688873,0.906837836246411,0.342468174421569,-0.0229449605478418,0.927993352644218,0.0273263369386646,0.914287596106107,-0.261951038815939,0.293692427491543,0.327314007158736,0.184887368056206,0.0929700584501411,0.713680483591344,-0.211456932763822,0.399611350119443,-0.128545971780126,0.611215758766699,0.390235304820048,0.109376647726866,-0.246242653604028,0.324626229139284,0.317423105462337,0.199304795156926,-0.388849100770449,0.110753027012549,-0.00124924078159055,0.99607478752107,0.148366746602311,0.556838509175737,-0.182497300716855,0.468570842787904
"ENSMUSG00000056529","ENSMUSG00000056529","Ptafr","darkmagenta",0.195568750504989,0.375840630883466,0.223300141095022,0.177413703917684,0.436736416211507,0.124274841514167,0.373094945831779,0.481256325240282,0.0979128992048279,0.699113467008176,-0.0315953377809457,0.900955435792967,-0.347061230913325,0.158227042438331,0.376119945735021,0.123972855871128,-0.00806876996302697,0.97465105078532,-0.0926425270363165,0.714649149572548,-0.116738251170654,0.64458007117978,0.36621593438645,0.134999248230595,-0.235517254808459,0.346803371215156,0.37895860028822,0.120933055064219,-0.312167854202974,0.20725839101952,-0.0547841481865863,0.829062275497256,0.0482214519666715,0.849302518225387,-0.080204590005928,0.751729130035352
"ENSMUSG00000067787","ENSMUSG00000067787","Blcap","darkmagenta",0.517405384605073,0.546631158734707,0.287495676596271,0.128156444835207,0.0278719453659656,0.0189067322336056,0.247352844604181,0.612305333159255,0.0969035578019499,0.702080166328022,0.0136086949899752,0.957258729095786,-0.538222145372792,0.0212120028272178,0.547889409543706,0.0185794880126601,-0.0400286124116214,0.874695376257068,0.00723819326281442,0.977259726462818,-0.375747562709574,0.124375578507956,0.454915834099025,0.0578478275616509,-0.06773947003777,0.789416655532351,0.187254163041284,0.456853957965837,-0.352402225523484,0.151493766350908,0.347650757163108,0.15747397685722,-0.0877695551070869,0.729109155517477,-0.538167293595444,0.0212277318152606
